Product Title,Current price,Availability,URL
"Sony WI-C100 Wireless Headphones with Customizable Equalizer for Deep Bass & 25 Hrs Battery, DSEE-Upscale, Splash Proof, 360RA, Fast Pair, in-Ear Bluetooth Headset with mic for Phone Calls (Black)",1590.0,In stock,https://www.amazon.in/Sony-Headphones-Customizable-Equalizer-DSEE-Upscale/dp/B09YLFHFDW/ref=dp_fod_sccl_1/260-9168887-2631746?pd_rd_w=B4kkW&content-id=amzn1.sym.fef71d27-0afa-4421-a7c1-f24b8bd4a32e&pf_rd_p=fef71d27-0afa-4421-a7c1-f24b8bd4a32e&pf_rd_r=FDJ2VSJF8WBZ1S3P0BY0&pd_rd_wg=Pgtc8&pd_rd_r=345f4db8-9403-44e9-b848-64746ad1fcdc&pd_rd_i=B09YLFHFDW&th=1
"Fire-Boltt Lumos Stainless Steel Luxury Smart Watch with 1.91” Large Display, Bluetooth Calling, Voice Assistant, 100+ Sports Modes",1499.0,In stock,https://www.amazon.in/Fire-Boltt-Stainless-Display-Bluetooth-Assistant/dp/B0CH8BY8DG/ref=zg_bs_c_watches_sccl_2/260-9168887-2631746?pd_rd_w=X5GTf&content-id=amzn1.sym.7dd29d48-66c1-486c-967d-2ed40101f2ea&pf_rd_p=7dd29d48-66c1-486c-967d-2ed40101f2ea&pf_rd_r=V1PWCEWBMYJTYF1KY13M&pd_rd_wg=OdCGe&pd_rd_r=488b0a46-8011-4999-9a6c-228a613b6c6f&pd_rd_i=B0CH8BY8DG&th=1
"SanDisk Ultra Dual Drive Go USB Type C Pendrive for Mobile, Navy Blue, 128GB, 5Y Warranty",1149.0,In stock,https://www.amazon.in/SanDisk-Ultra-Pendrive-Mobile-Warranty/dp/B0BN4468FC/ref=sr_1_2?crid=18VYUQQ88GAJ9&keywords=pendrive%2B512gb&qid=1703570286&s=computers&sprefix=pendrive%2B512%2Ccomputers%2C230&sr=1-2&th=1
"Sony WI-C100 Wireless Headphones with Customizable Equalizer for Deep Bass & 25 Hrs Battery, DSEE-Upscale, Splash Proof, 360RA, Fast Pair, in-Ear Bluetooth Headset with mic for Phone Calls (Black)",1590.0,In stock,https://www.amazon.in/Sony-Headphones-Customizable-Equalizer-DSEE-Upscale/dp/B09YLFHFDW/ref=dp_fod_sccl_1/260-9168887-2631746?pd_rd_w=B4kkW&content-id=amzn1.sym.fef71d27-0afa-4421-a7c1-f24b8bd4a32e&pf_rd_p=fef71d27-0afa-4421-a7c1-f24b8bd4a32e&pf_rd_r=FDJ2VSJF8WBZ1S3P0BY0&pd_rd_wg=Pgtc8&pd_rd_r=345f4db8-9403-44e9-b848-64746ad1fcdc&pd_rd_i=B09YLFHFDW&th=1
"SanDisk Ultra Dual Drive Go USB Type C Pendrive for Mobile, Navy Blue, 128GB, 5Y Warranty",1149.0,In stock,https://www.amazon.in/SanDisk-Ultra-Pendrive-Mobile-Warranty/dp/B0BN4468FC/ref=sr_1_2?crid=18VYUQQ88GAJ9&keywords=pendrive%2B512gb&qid=1703570286&s=computers&sprefix=pendrive%2B512%2Ccomputers%2C230&sr=1-2&th=1
"Sony WI-C100 Wireless Headphones with Customizable Equalizer for Deep Bass & 25 Hrs Battery, DSEE-Upscale, Splash Proof, 360RA, Fast Pair, in-Ear Bluetooth Headset with mic for Phone Calls (Black)",1590.0,In stock,https://www.amazon.in/Sony-Headphones-Customizable-Equalizer-DSEE-Upscale/dp/B09YLFHFDW/ref=dp_fod_sccl_1/260-9168887-2631746?pd_rd_w=B4kkW&content-id=amzn1.sym.fef71d27-0afa-4421-a7c1-f24b8bd4a32e&pf_rd_p=fef71d27-0afa-4421-a7c1-f24b8bd4a32e&pf_rd_r=FDJ2VSJF8WBZ1S3P0BY0&pd_rd_wg=Pgtc8&pd_rd_r=345f4db8-9403-44e9-b848-64746ad1fcdc&pd_rd_i=B09YLFHFDW&th=1
"Fire-Boltt Lumos Stainless Steel Luxury Smart Watch with 1.91” Large Display, Bluetooth Calling, Voice Assistant, 100+ Sports Modes",1499.0,In stock,https://www.amazon.in/Fire-Boltt-Stainless-Display-Bluetooth-Assistant/dp/B0CH8BY8DG/ref=zg_bs_c_watches_sccl_2/260-9168887-2631746?pd_rd_w=X5GTf&content-id=amzn1.sym.7dd29d48-66c1-486c-967d-2ed40101f2ea&pf_rd_p=7dd29d48-66c1-486c-967d-2ed40101f2ea&pf_rd_r=V1PWCEWBMYJTYF1KY13M&pd_rd_wg=OdCGe&pd_rd_r=488b0a46-8011-4999-9a6c-228a613b6c6f&pd_rd_i=B0CH8BY8DG&th=1
"Fire-Boltt Lumos Stainless Steel Luxury Smart Watch with 1.91” Large Display, Bluetooth Calling, Voice Assistant, 100+ Sports Modes",1499.0,In stock,https://www.amazon.in/Fire-Boltt-Stainless-Display-Bluetooth-Assistant/dp/B0CH8BY8DG/ref=zg_bs_c_watches_sccl_2/260-9168887-2631746?pd_rd_w=X5GTf&content-id=amzn1.sym.7dd29d48-66c1-486c-967d-2ed40101f2ea&pf_rd_p=7dd29d48-66c1-486c-967d-2ed40101f2ea&pf_rd_r=V1PWCEWBMYJTYF1KY13M&pd_rd_wg=OdCGe&pd_rd_r=488b0a46-8011-4999-9a6c-228a613b6c6f&pd_rd_i=B0CH8BY8DG&th=1
"Fire-Boltt Lumos Stainless Steel Luxury Smart Watch with 1.91” Large Display, Bluetooth Calling, Voice Assistant, 100+ Sports Modes",1499.0,In stock,https://www.amazon.in/Fire-Boltt-Stainless-Display-Bluetooth-Assistant/dp/B0CH8BY8DG/ref=zg_bs_c_watches_sccl_2/260-9168887-2631746?pd_rd_w=X5GTf&content-id=amzn1.sym.7dd29d48-66c1-486c-967d-2ed40101f2ea&pf_rd_p=7dd29d48-66c1-486c-967d-2ed40101f2ea&pf_rd_r=V1PWCEWBMYJTYF1KY13M&pd_rd_wg=OdCGe&pd_rd_r=488b0a46-8011-4999-9a6c-228a613b6c6f&pd_rd_i=B0CH8BY8DG&th=1
"SanDisk Ultra Dual Drive Go USB Type C Pendrive for Mobile, Navy Blue, 128GB, 5Y Warranty",1149.0,In stock,https://www.amazon.in/SanDisk-Ultra-Pendrive-Mobile-Warranty/dp/B0BN4468FC/ref=sr_1_2?crid=18VYUQQ88GAJ9&keywords=pendrive%2B512gb&qid=1703570286&s=computers&sprefix=pendrive%2B512%2Ccomputers%2C230&sr=1-2&th=1
"Fire-Boltt Lumos Stainless Steel Luxury Smart Watch with 1.91” Large Display, Bluetooth Calling, Voice Assistant, 100+ Sports Modes",1499.0,In stock,https://www.amazon.in/Fire-Boltt-Stainless-Display-Bluetooth-Assistant/dp/B0CH8BY8DG/ref=zg_bs_c_watches_sccl_2/260-9168887-2631746?pd_rd_w=X5GTf&content-id=amzn1.sym.7dd29d48-66c1-486c-967d-2ed40101f2ea&pf_rd_p=7dd29d48-66c1-486c-967d-2ed40101f2ea&pf_rd_r=V1PWCEWBMYJTYF1KY13M&pd_rd_wg=OdCGe&pd_rd_r=488b0a46-8011-4999-9a6c-228a613b6c6f&pd_rd_i=B0CH8BY8DG&th=1
"Fire-Boltt Lumos Stainless Steel Luxury Smart Watch with 1.91” Large Display, Bluetooth Calling, Voice Assistant, 100+ Sports Modes",1499.0,In stock,https://www.amazon.in/Fire-Boltt-Stainless-Display-Bluetooth-Assistant/dp/B0CH8BY8DG/ref=zg_bs_c_watches_sccl_2/260-9168887-2631746?pd_rd_w=X5GTf&content-id=amzn1.sym.7dd29d48-66c1-486c-967d-2ed40101f2ea&pf_rd_p=7dd29d48-66c1-486c-967d-2ed40101f2ea&pf_rd_r=V1PWCEWBMYJTYF1KY13M&pd_rd_wg=OdCGe&pd_rd_r=488b0a46-8011-4999-9a6c-228a613b6c6f&pd_rd_i=B0CH8BY8DG&th=1
"Fire-Boltt Lumos Stainless Steel Luxury Smart Watch with 1.91” Large Display, Bluetooth Calling, Voice Assistant, 100+ Sports Modes",1499.0,In stock,https://www.amazon.in/Fire-Boltt-Stainless-Display-Bluetooth-Assistant/dp/B0CH8BY8DG/ref=zg_bs_c_watches_sccl_2/260-9168887-2631746?pd_rd_w=X5GTf&content-id=amzn1.sym.7dd29d48-66c1-486c-967d-2ed40101f2ea&pf_rd_p=7dd29d48-66c1-486c-967d-2ed40101f2ea&pf_rd_r=V1PWCEWBMYJTYF1KY13M&pd_rd_wg=OdCGe&pd_rd_r=488b0a46-8011-4999-9a6c-228a613b6c6f&pd_rd_i=B0CH8BY8DG&th=1
"SanDisk Ultra Dual Drive Go USB Type C Pendrive for Mobile, Navy Blue, 128GB, 5Y Warranty",1149.0,In stock,https://www.amazon.in/SanDisk-Ultra-Pendrive-Mobile-Warranty/dp/B0BN4468FC/ref=sr_1_2?crid=18VYUQQ88GAJ9&keywords=pendrive%2B512gb&qid=1703570286&s=computers&sprefix=pendrive%2B512%2Ccomputers%2C230&sr=1-2&th=1
"SanDisk Ultra Dual Drive Go USB Type C Pendrive for Mobile, Navy Blue, 128GB, 5Y Warranty",1149.0,In stock,https://www.amazon.in/SanDisk-Ultra-Pendrive-Mobile-Warranty/dp/B0BN4468FC/ref=sr_1_2?crid=18VYUQQ88GAJ9&keywords=pendrive%2B512gb&qid=1703570286&s=computers&sprefix=pendrive%2B512%2Ccomputers%2C230&sr=1-2&th=1
"Fire-Boltt Lumos Stainless Steel Luxury Smart Watch with 1.91” Large Display, Bluetooth Calling, Voice Assistant, 100+ Sports Modes",1499.0,In stock,https://www.amazon.in/Fire-Boltt-Stainless-Display-Bluetooth-Assistant/dp/B0CH8BY8DG/ref=zg_bs_c_watches_sccl_2/260-9168887-2631746?pd_rd_w=X5GTf&content-id=amzn1.sym.7dd29d48-66c1-486c-967d-2ed40101f2ea&pf_rd_p=7dd29d48-66c1-486c-967d-2ed40101f2ea&pf_rd_r=V1PWCEWBMYJTYF1KY13M&pd_rd_wg=OdCGe&pd_rd_r=488b0a46-8011-4999-9a6c-228a613b6c6f&pd_rd_i=B0CH8BY8DG&th=1
"Fire-Boltt Lumos Stainless Steel Luxury Smart Watch with 1.91” Large Display, Bluetooth Calling, Voice Assistant, 100+ Sports Modes",1499.0,In stock,https://www.amazon.in/Fire-Boltt-Stainless-Display-Bluetooth-Assistant/dp/B0CH8BY8DG/ref=zg_bs_c_watches_sccl_2/260-9168887-2631746?pd_rd_w=X5GTf&content-id=amzn1.sym.7dd29d48-66c1-486c-967d-2ed40101f2ea&pf_rd_p=7dd29d48-66c1-486c-967d-2ed40101f2ea&pf_rd_r=V1PWCEWBMYJTYF1KY13M&pd_rd_wg=OdCGe&pd_rd_r=488b0a46-8011-4999-9a6c-228a613b6c6f&pd_rd_i=B0CH8BY8DG&th=1
"Fire-Boltt Lumos Stainless Steel Luxury Smart Watch with 1.91” Large Display, Bluetooth Calling, Voice Assistant, 100+ Sports Modes",1499.0,In stock,https://www.amazon.in/Fire-Boltt-Stainless-Display-Bluetooth-Assistant/dp/B0CH8BY8DG/ref=zg_bs_c_watches_sccl_2/260-9168887-2631746?pd_rd_w=X5GTf&content-id=amzn1.sym.7dd29d48-66c1-486c-967d-2ed40101f2ea&pf_rd_p=7dd29d48-66c1-486c-967d-2ed40101f2ea&pf_rd_r=V1PWCEWBMYJTYF1KY13M&pd_rd_wg=OdCGe&pd_rd_r=488b0a46-8011-4999-9a6c-228a613b6c6f&pd_rd_i=B0CH8BY8DG&th=1
"SanDisk Ultra Dual Drive Go USB Type C Pendrive for Mobile, Navy Blue, 128GB, 5Y Warranty",1149.0,In stock,https://www.amazon.in/SanDisk-Ultra-Pendrive-Mobile-Warranty/dp/B0BN4468FC/ref=sr_1_2?crid=18VYUQQ88GAJ9&keywords=pendrive%2B512gb&qid=1703570286&s=computers&sprefix=pendrive%2B512%2Ccomputers%2C230&sr=1-2&th=1
"SanDisk Ultra Dual Drive Go USB Type C Pendrive for Mobile, Navy Blue, 128GB, 5Y Warranty",1149.0,In stock,https://www.amazon.in/SanDisk-Ultra-Pendrive-Mobile-Warranty/dp/B0BN4468FC/ref=sr_1_2?crid=18VYUQQ88GAJ9&keywords=pendrive%2B512gb&qid=1703570286&s=computers&sprefix=pendrive%2B512%2Ccomputers%2C230&sr=1-2&th=1
"Sony WI-C100 Wireless Headphones with Customizable Equalizer for Deep Bass & 25 Hrs Battery, DSEE-Upscale, Splash Proof, 360RA, Fast Pair, in-Ear Bluetooth Headset with mic for Phone Calls (Black)",1590.0,In stock,https://www.amazon.in/Sony-Headphones-Customizable-Equalizer-DSEE-Upscale/dp/B09YLFHFDW/ref=dp_fod_sccl_1/260-9168887-2631746?pd_rd_w=B4kkW&content-id=amzn1.sym.fef71d27-0afa-4421-a7c1-f24b8bd4a32e&pf_rd_p=fef71d27-0afa-4421-a7c1-f24b8bd4a32e&pf_rd_r=FDJ2VSJF8WBZ1S3P0BY0&pd_rd_wg=Pgtc8&pd_rd_r=345f4db8-9403-44e9-b848-64746ad1fcdc&pd_rd_i=B09YLFHFDW&th=1
"SanDisk Ultra Dual Drive Go USB Type C Pendrive for Mobile, Navy Blue, 128GB, 5Y Warranty",1149.0,In stock,https://www.amazon.in/SanDisk-Ultra-Pendrive-Mobile-Warranty/dp/B0BN4468FC/ref=sr_1_2?crid=18VYUQQ88GAJ9&keywords=pendrive%2B512gb&qid=1703570286&s=computers&sprefix=pendrive%2B512%2Ccomputers%2C230&sr=1-2&th=1
"SanDisk Ultra Dual Drive Go USB Type C Pendrive for Mobile, Navy Blue, 128GB, 5Y Warranty",1149.0,In stock,https://www.amazon.in/SanDisk-Ultra-Pendrive-Mobile-Warranty/dp/B0BN4468FC/ref=sr_1_2?crid=18VYUQQ88GAJ9&keywords=pendrive%2B512gb&qid=1703570286&s=computers&sprefix=pendrive%2B512%2Ccomputers%2C230&sr=1-2&th=1
"SanDisk Ultra Dual Drive Go USB Type C Pendrive for Mobile, Navy Blue, 128GB, 5Y Warranty",1149.0,In stock,https://www.amazon.in/SanDisk-Ultra-Pendrive-Mobile-Warranty/dp/B0BN4468FC/ref=sr_1_2?crid=18VYUQQ88GAJ9&keywords=pendrive%2B512gb&qid=1703570286&s=computers&sprefix=pendrive%2B512%2Ccomputers%2C230&sr=1-2&th=1
